program_id,Type,Name,s_p_id,Startno,Endno,create_userid,create_timestamp,update_userid,update_timestamp
1,P,INITIALIZATION,1,111,126,GDLYMF1,2018-08-01 06:09:36,GDLYMF1,2018-08-01 06:09:36
1,P,PRODUCE-THE-REPORT,2,127,131,GDLYMF1,2018-08-01 06:09:36,GDLYMF1,2018-08-01 06:09:36
1,P,DETAIL-PROCESSING,3,132,157,GDLYMF1,2018-08-01 06:09:36,GDLYMF1,2018-08-01 06:09:36
1,P,STATE-BREAK,4,158,168,GDLYMF1,2018-08-01 06:09:36,GDLYMF1,2018-08-01 06:09:36
1,P,PRINT-STATE-TOTALS,5,169,180,GDLYMF1,2018-08-01 06:09:36,GDLYMF1,2018-08-01 06:09:36
1,P,PRINT-HEADER-LINES,6,181,196,GDLYMF1,2018-08-01 06:09:36,GDLYMF1,2018-08-01 06:09:36
1,P,READ-A-RECORD,7,197,201,GDLYMF1,2018-08-01 06:09:36,GDLYMF1,2018-08-01 06:09:36
1,P,TERMINATION,8,202,209,GDLYMF1,2018-08-01 06:09:36,GDLYMF1,2018-08-01 06:09:36
